id,first_name,last_name,email,country
1,Brita,Heymann,bheymann0@newyorker.com,Argentina
2,Wendeline,Suche,wsuche1@weather.com,Portugal
3,Olivia,Tolotti,otolotti2@fc2.com,Philippines
4,Bartholemy,Bess,bbess3@wikia.com,China
5,Rowe,Bedberry,rbedberry4@disqus.com,Ukraine
6,Blanche,Linzee,blinzee5@umn.edu,Netherlands
7,Lisabeth,Doogue,ldoogue6@china.com.cn,Tanzania
8,April,Tanzer,atanzer7@phoca.cz,Argentina
9,Roxi,Temperley,rtemperley8@whitehouse.gov,Philippines
10,Maegan,Ashpole,mashpole9@youtube.com,China
11,Sasha,Luckey,sluckeya@dagondesign.com,Mexico
12,Guenna,Ferre,gferreb@cam.ac.uk,Argentina
13,Kamilah,Seeds,kseedsc@studiopress.com,France
14,Cullie,Wyper,cwyperd@nbcnews.com,China
15,Kermit,Deniscke,kdenisckee@foxnews.com,Philippines
16,Irvine,Auton,iautonf@diigo.com,Japan
17,Carley,McKoy,cmckoyg@cnet.com,Philippines
18,Jameson,Straw,jstrawh@tuttocitta.it,Peru
19,Netti,Kaasmann,nkaasmanni@networkadvertising.org,Botswana
20,Eberhard,Trowbridge,etrowbridgej@php.net,Sweden
21,Shanan,Sire,ssirek@cnbc.com,Brazil
22,Bobbie,Christian,bchristianl@si.edu,Colombia
23,Jard,Tadd,jtaddm@networksolutions.com,Indonesia
24,Nehemiah,Boylund,nboylundn@bbb.org,Ukraine
25,Dre,Sawl,dsawlo@wordpress.org,China
26,Jaquelin,Hickford,jhickfordp@cdc.gov,China
27,Franciskus,Cullinane,fcullinaneq@ameblo.jp,Pakistan
28,Cookie,Hasted,chastedr@dyndns.org,Poland
29,Jan,MacCostigan,jmaccostigans@cyberchimps.com,China
30,Dotty,Balaizot,dbalaizott@cocolog-nifty.com,Brazil
31,Shelby,Raraty,sraratyu@washington.edu,Portugal
32,Ford,Phillput,fphillputv@spiegel.de,China
33,Allie,Girdlestone,agirdlestonew@reuters.com,Russia
34,Moe,Brimm,mbrimmx@usa.gov,China
35,Myca,Posner,mposnery@hugedomains.com,Brazil
36,Dwight,Lewknor,dlewknorz@omniture.com,Philippines
37,Gwynne,Januszewski,gjanuszewski10@facebook.com,Russia
38,Blinnie,Lamperti,blamperti11@jigsy.com,Indonesia
39,King,Benitti,kbenitti12@hatena.ne.jp,Canada
40,Marissa,Tremouille,mtremouille13@livejournal.com,Brazil
41,Melonie,Ianitti,mianitti14@goodreads.com,Russia
42,Martha,Domange,mdomange15@icio.us,Portugal
43,Karol,Leahey,kleahey16@youtube.com,Indonesia
44,Aurelea,Foro,aforo17@uol.com.br,China
45,Rory,Sarginson,rsarginson18@liveinternet.ru,United States
46,Alli,Yekel,ayekel19@uol.com.br,Lithuania
47,Natasha,Ducket,nducket1a@berkeley.edu,Vietnam
48,Onfroi,Chritchlow,ochritchlow1b@joomla.org,Tajikistan
49,Aaren,Carberry,acarberry1c@icio.us,China
50,Luther,Cescon,lcescon1d@samsung.com,Sweden
51,Emiline,L'oiseau,eloiseau1e@istockphoto.com,Thailand
52,Mindy,Gregory,mgregory1f@virginia.edu,China
53,Franklyn,Marcinkowski,fmarcinkowski1g@macromedia.com,Sweden
54,Isaak,李,icaulfield1h@spotify.com,China
55,Neddie,Aaronsohn,naaronsohn1i@noaa.gov,Georgia
56,Paweł,Wąsik,jritchman1j@globo.com,Poland
57,Carmon,Richardot,crichardot1k@webmd.com,China
58,Hyatt,McCuffie,hmccuffie1l@dropbox.com,China
59,Agnesse,Dabel,adabel1m@constantcontact.com,Colombia
60,Alfredo,Cutsforth,acutsforth1n@ameblo.jp,Czech Republic
61,Royall,Pennycook,rpennycook1o@hugedomains.com,Germany
62,Pepita,Glasbey,pglasbey1p@webeden.co.uk,Argentina
63,Kyrstin,Briscam,kbriscam1q@dagondesign.com,Guatemala
64,Gualterio,Brigstock,gbrigstock1r@squidoo.com,East Timor
65,Avrit,Leeman,aleeman1s@bluehost.com,Ethiopia
66,Xymenes,Royle,xroyle1t@europa.eu,China
67,Justinian,Hardman,jhardman1u@slideshare.net,Samoa
68,Adriane,Rawsthorn,arawsthorn1v@example.com,Brazil
69,Jacquenetta,Shayes,jshayes1w@deliciousdays.com,Indonesia
70,Bernie,McGrae,bmcgrae1x@live.com,Poland
71,Julie,Routh,jrouth1y@naver.com,Russia
72,Urban,Purslow,upurslow1z@wikispaces.com,Portugal
73,Smitty,Blunt,sblunt20@sciencedirect.com,China
74,Federica,Burrows,fburrows21@rediff.com,China
75,Conchita,Ghidelli,cghidelli22@ca.gov,Ireland
76,Base,Bichener,bbichener23@cbsnews.com,Indonesia
77,Karolina,Trevallion,ktrevallion24@discovery.com,Indonesia
78,Helyn,Ulster,hulster25@wp.com,Colombia
79,Ashia,Mansford,amansford26@mit.edu,Japan
80,Norrie,Lusher,nlusher27@blogs.com,Libya
81,Mort,Load,mload28@phpbb.com,Tanzania
82,Olimpia,Chason,ochason29@deviantart.com,Portugal
83,Holden,Dimbylow,hdimbylow2a@dyndns.org,Serbia
84,Denney,Crudginton,dcrudginton2b@sphinn.com,Yemen
85,Greggory,Tunnadine,gtunnadine2c@chicagotribune.com,Yemen
86,Sallyanne,Putley,sputley2d@xrea.com,China
87,Jacquelyn,Bromidge,jbromidge2e@google.com.au,Ireland
88,Iver,Dignall,idignall2f@drupal.org,Honduras
89,Phaedra,Asquez,pasquez2g@newyorker.com,Philippines
90,Elvera,Mathewes,emathewes2h@mapquest.com,Honduras
91,Kary,Suermeier,ksuermeier2i@furl.net,Indonesia
92,Fanny,Vardie,fvardie2j@latimes.com,Ukraine
93,Josy,O'Reagan,joreagan2k@live.com,Japan
94,Nyssa,Colcomb,ncolcomb2l@prlog.org,China
95,Junina,de Chastelain,jdechastelain2m@go.com,Indonesia
96,Derrick,Charlewood,dcharlewood2n@com.com,France
97,Jandy,Kardos,jkardos2o@buzzfeed.com,Czech Republic
98,Worthington,Gilstoun,wgilstoun2p@paypal.com,South Africa
99,Phedra,Swatland,pswatland2q@sitemeter.com,Russia
100,Corrianne,Rebanks,crebanks2r@dropbox.com,Palestinian Territory
101,Karlotta,Twede,ktwede2s@economist.com,Panama
102,Frayda,Saltwell,fsaltwell2t@state.tx.us,Sweden
103,Had,Secretan,hsecretan2u@ycombinator.com,Indonesia
104,Ludovika,Gelling,lgelling2v@mit.edu,Turkey
105,Siobhan,Garaghan,sgaraghan2w@goo.gl,Indonesia
106,Onfroi,Venturoli,oventuroli2x@fotki.com,Indonesia
107,Lexine,Brannon,lbrannon2y@tmall.com,Dominican Republic
108,Jacques,Jodlkowski,jjodlkowski2z@hostgator.com,France
109,Dennison,Aimable,daimable30@linkedin.com,Russia
110,Romonda,Skittrell,rskittrell31@umich.edu,China
111,Marcelline,Hanretty,mhanretty32@deliciousdays.com,Syria
112,Rahel,Huonic,rhuonic33@time.com,Poland
113,Denyse,Garnar,dgarnar34@shinystat.com,France
114,Jecho,Maestro,jmaestro35@slashdot.org,Argentina
115,Gaylene,Iskowitz,giskowitz36@surveymonkey.com,Armenia
116,Liz,Handford,lhandford37@icio.us,Philippines
117,Tiffie,Turnock,tturnock38@privacy.gov.au,South Korea
118,Hailee,Boules,hboules39@pen.io,China
119,Lexy,Anderer,landerer3a@forbes.com,Indonesia
120,Stearn,Petrashov,spetrashov3b@amazon.de,Luxembourg
121,Danette,Weld,dweld3c@home.pl,Fiji
122,Gaven,Wakefield,gwakefield3d@prweb.com,Sweden
123,Salvador,De Bischof,sdebischof3e@twitpic.com,Belarus
124,Dewitt,Pumfrey,dpumfrey3f@psu.edu,Indonesia
125,Gracie,Novelli,gnovelli3g@wiley.com,Ukraine
126,Ophelia,Fass,ofass3h@china.com.cn,United States
127,Crichton,Deneve,cdeneve3i@smugmug.com,Syria
128,Nellie,Tossell,ntossell3j@printfriendly.com,Brazil
129,Hermina,Tripcony,htripcony3k@rediff.com,France
130,Yoshi,Boosey,yboosey3l@prweb.com,Malaysia
131,Lorna,Mateo,lmateo3m@ucoz.com,Ukraine
132,Russ,Gaskal,rgaskal3n@blogger.com,Lithuania
133,Park,Anthona,panthona3o@plala.or.jp,Ukraine
134,Christean,Valde,cvalde3p@umn.edu,Czech Republic
135,Gracie,Rąpała,gmiguel3q@liveinternet.ru,Poland
136,Miltie,Penchen,mpenchen3r@nationalgeographic.com,Indonesia
137,Midge,Haskew,mhaskew3s@about.com,Spain
138,Tommy,Kestell,tkestell3t@bigcartel.com,Yemen
139,Rosa,Comfort,rcomfort3u@trellian.com,China
140,Virgina,Brodeur,vbrodeur3v@ebay.com,South Africa
141,Morena,Ludye,mludye3w@github.io,China
142,Rustie,Sidworth,rsidworth3x@xrea.com,Indonesia
143,Genia,Degoe,gdegoe3y@usda.gov,Philippines
144,Carin,Hagstone,chagstone3z@domainmarket.com,Japan
145,Consalve,Normavell,cnormavell40@accuweather.com,Brazil
146,Reggi,Creaser,rcreaser41@blinklist.com,Philippines
147,Fiona,Chaim,fchaim42@goo.ne.jp,Bangladesh
148,Maurita,Croson,mcroson43@weather.com,Yemen
149,Ingra,Grute,igrute44@etsy.com,China
150,Berget,Jukes,bjukes45@ebay.com,Thailand
151,Clarissa,Toft,ctoft46@ameblo.jp,Czech Republic
152,Mela,Thorald,mthorald47@wp.com,Czech Republic
153,Marys,Egel,megel48@mozilla.com,Ecuador
154,Dore,Dannell,ddannell49@123-reg.co.uk,Indonesia
155,Willis,Gozzett,wgozzett4a@toplist.cz,France
156,Violette,Urquhart,vurquhart4b@hibu.com,Indonesia
157,Mirabella,Stiffell,mstiffell4c@tmall.com,Ireland
158,Leonidas,Wankel,lwankel4d@gmpg.org,Russia
159,Rebekkah,Gotmann,rgotmann4e@google.cn,Canada
160,Damita,Keigher,dkeigher4f@twitter.com,Indonesia
161,Jayne,Terram,jterram4g@time.com,Bulgaria
162,Ingemar,Bruntjen,ibruntjen4h@bigcartel.com,China
163,Debora,Schofield,dschofield4i@deliciousdays.com,France
164,Elsa,Pantridge,epantridge4j@storify.com,Poland
165,Prince,Ormes,pormes4k@theguardian.com,Colombia
166,Maximilian,Iorio,miorio4l@sfgate.com,Colombia
167,Dehlia,Ladloe,dladloe4m@telegraph.co.uk,Philippines
168,Fara,McGeachy,fmcgeachy4n@vkontakte.ru,Argentina
169,Wainwright,O'Lenechan,wolenechan4o@chronoengine.com,Ireland
170,Ruthe,Romme,rromme4p@bbb.org,China
171,Edmund,Roseblade,eroseblade4q@state.gov,Peru
172,Pearline,Gauvin,pgauvin4r@psu.edu,South Africa
173,Heindrick,Gallemore,hgallemore4s@marketwatch.com,China
174,Cullie,Gulk,cgulk4t@mysql.com,Guatemala
175,Ray,Luck,rluck4u@walmart.com,Argentina
176,Alisa,Greschke,agreschke4v@github.com,Argentina
177,Tessi,Ramsay,tramsay4w@hubpages.com,United States
178,Ardine,Petric,apetric4x@cdc.gov,Nigeria
179,Agace,Pearcey,apearcey4y@nba.com,Indonesia
180,Neville,Oleksiak,noleksiak4z@ning.com,Gabon
181,Ellene,Kisar,ekisar50@unesco.org,Russia
182,Hakeem,Du Hamel,hduhamel51@theglobeandmail.com,Greece
183,Udell,Lyall,ulyall52@tinyurl.com,Colombia
184,Esme,Tubritt,etubritt53@shareasale.com,Syria
185,Clyde,Breddy,cbreddy54@arstechnica.com,Finland
186,Gary,Marmon,gmarmon55@privacy.gov.au,Portugal
187,Leigh,Linch,llinch56@huffingtonpost.com,Philippines
188,Suzanna,Mollene,smollene57@npr.org,Sierra Leone
189,Emmanuel,Ewins,eewins58@adobe.com,China
190,Gwenette,Dorman,gdorman59@wikispaces.com,Portugal
191,Charlotta,Rawlence,crawlence5a@google.cn,China
192,Bartram,Kuhnwald,bkuhnwald5b@unc.edu,Sweden
193,Theobald,Gindghill,tgindghill5c@gov.uk,Poland
194,Lucia,Harbidge,lharbidge5d@china.com.cn,Mexico
195,Vale,Hartmann,vhartmann5e@over-blog.com,China
196,Lyndel,Fanthom,lfanthom5f@youtu.be,Indonesia
197,Sanson,Patriche,spatriche5g@mediafire.com,China
198,Babita,Edworthye,bedworthye5h@indiegogo.com,Portugal
199,Onida,Ianno,oianno5i@theatlantic.com,Sweden
200,Leland,Daw,ldaw5j@wordpress.com,Chad
201,Mariele,Bissill,mbissill5k@mail.ru,Chile
202,Eolande,Gounard,egounard5l@businesswire.com,Colombia
203,Modestia,Oxburgh,moxburgh5m@redcross.org,Brazil
204,Marlane,Orrick,morrick5n@wunderground.com,Indonesia
205,Dorothy,Ericssen,dericssen5o@zimbio.com,Somalia
206,Tabbatha,Gitting,tgitting5p@japanpost.jp,Philippines
207,Coreen,Dogg,cdogg5q@furl.net,Saudi Arabia
208,Brittan,Di Giacomo,bdigiacomo5r@smugmug.com,Poland
209,Kennan,Martineau,kmartineau5s@ihg.com,Russia
210,Filippo,Gabbotts,fgabbotts5t@msn.com,Brazil
211,Karmen,Duffin,kduffin5u@slideshare.net,Portugal
212,Fulton,Epsley,fepsley5v@arstechnica.com,Indonesia
213,Gretel,Franey,gfraney5w@archive.org,Ukraine
214,Annecorinne,Kirkam,akirkam5x@nba.com,Venezuela
215,Arnuad,Macvain,amacvain5y@cnbc.com,Philippines
216,Matt,Ruperti,mruperti5z@sohu.com,Vietnam
217,Jacquelin,Pope,jpope60@buzzfeed.com,Italy
218,Carlita,Assaf,cassaf61@redcross.org,Russia
219,Codi,Smitham,csmitham62@nih.gov,Sweden
220,Maxie,Wescott,mwescott63@ycombinator.com,Poland
221,Lena,Dansken,ldansken64@privacy.gov.au,Czech Republic
222,Baillie,Abreheart,babreheart65@creativecommons.org,Mali
223,Laraine,Whitton,lwhitton66@hibu.com,South Korea
224,Kalina,Easterby,keasterby67@jugem.jp,Portugal
225,Fairlie,Pearcy,fpearcy68@w3.org,Peru
226,Priscella,Ginnell,pginnell69@gizmodo.com,United States
227,Merrielle,Hardwin,mhardwin6a@networkadvertising.org,Indonesia
228,Belia,Naisbit,bnaisbit6b@senate.gov,Spain
229,Dionysus,Toderini,dtoderini6c@mtv.com,Philippines
230,Kennie,Springthorp,kspringthorp6d@salon.com,Portugal
231,Chauncey,Kerfut,ckerfut6e@stumbleupon.com,Indonesia
232,Nanice,Jeffries,njeffries6f@apache.org,China
233,Lorrin,Josefer,ljosefer6g@shareasale.com,China
234,Georges,Tunn,gtunn6h@nps.gov,Russia
235,Stephan,Fitzjohn,sfitzjohn6i@booking.com,Germany
236,Auria,Oldnall,aoldnall6j@smh.com.au,Syria
237,Melinde,Klemenz,mklemenz6k@google.com.au,China
238,Stanislaw,Brunone,sbrunone6l@mlb.com,United States
239,Myrtle,McLugish,mmclugish6m@tiny.cc,Madagascar
240,Zita,Botten,zbotten6n@npr.org,Philippines
241,Angeline,Shier,ashier6o@weather.com,Poland
242,Pattie,Hallatt,phallatt6p@msn.com,Micronesia
243,Juan,Kinsman,jkinsman6q@miitbeian.gov.cn,Indonesia
244,Lilah,Perry,lperry6r@feedburner.com,Guatemala
245,Marietta,Hudleston,mhudleston6s@upenn.edu,Portugal
246,Tracy,Worgen,tworgen6t@flavors.me,Greece
247,Pascale,Anwyl,panwyl6u@blog.com,Sweden
248,Dolf,Maestro,dmaestro6v@odnoklassniki.ru,Sweden
249,Jarrid,Ioselevich,jioselevich6w@yellowbook.com,Chad
250,Linc,Cisco,lcisco6x@ft.com,Philippines
251,Dagny,Jessett,djessett6y@dropbox.com,United States
252,Ondrea,Doodney,odoodney6z@japanpost.jp,Palestinian Territory
253,Graeme,Dinis,gdinis70@msu.edu,North Korea
254,Cherri,Dunthorn,cdunthorn71@jimdo.com,Madagascar
255,Jermain,Cordelet,jcordelet72@wisc.edu,Yemen
256,Chevalier,Johanning,cjohanning73@myspace.com,Philippines
257,Laraine,Sandland,lsandland74@booking.com,Azerbaijan
258,Juliana,Cade,jcade75@sogou.com,Palestinian Territory
259,Lemuel,Botting,lbotting76@oracle.com,Canada
260,Adriane,Sigert,asigert77@jalbum.net,Greece
261,Gordan,Greves,ggreves78@timesonline.co.uk,Portugal
262,Wilfred,Neesam,wneesam79@cmu.edu,Indonesia
263,Osborn,Rylett,orylett7a@house.gov,China
264,Sibilla,Atling,satling7b@tripadvisor.com,Netherlands
265,Demeter,Starling,dstarling7c@soundcloud.com,Mexico
266,Jimmie,Pinchen,jpinchen7d@mlb.com,Cambodia
267,Adrea,Heffy,aheffy7e@barnesandnoble.com,Poland
268,Courtnay,Godsal,cgodsal7f@jugem.jp,Germany
269,Wilt,Jaine,wjaine7g@baidu.com,China
270,Leonore,Grelak,lgrelak7h@who.int,Czech Republic
271,Otho,Brant,obrant7i@fastcompany.com,Macedonia
272,Obie,Thurlow,othurlow7j@weibo.com,Syria
273,Evita,Hatry,ehatry7k@apple.com,Greece
274,Edna,Bellhanger,ebellhanger7l@pen.io,Paraguay
275,Ermengarde,Gavan,egavan7m@europa.eu,Philippines
276,Devin,Dailey,ddailey7n@oaic.gov.au,Mexico
277,Marin,Wharrier,mwharrier7o@wiley.com,China
278,Ximenes,Wallace,xwallace7p@wikipedia.org,Slovenia
279,Shaine,Sleep,ssleep7q@bloglines.com,Sweden
280,Clemmie,Boggers,cboggers7r@privacy.gov.au,Philippines
281,Tyne,Marmyon,tmarmyon7s@tiny.cc,France
282,Ugo,Brun,ubrun7t@last.fm,Poland
283,Francisca,Fairey,ffairey7u@hubpages.com,China
284,Karrah,Ghiriardelli,kghiriardelli7v@cloudflare.com,Iraq
285,Jacinda,Heiden,jheiden7w@moonfruit.com,Mauritania
286,Hugo,Sey,hsey7x@ucoz.com,Colombia
287,Chiquia,Spada,cspada7y@printfriendly.com,Brazil
288,Tull,Huller,thuller7z@va.gov,United States
289,Linnie,Wem,lwem80@facebook.com,Ukraine
290,Saunders,Braunthal,sbraunthal81@people.com.cn,Indonesia
291,Ellary,MacCoveney,emaccoveney82@pinterest.com,Slovenia
292,Milissent,Hansley,mhansley83@cisco.com,China
293,Kori,Seddon,kseddon84@wikimedia.org,Azerbaijan
294,Durward,Killelea,dkillelea85@booking.com,Hungary
295,Joline,Boulds,jboulds86@thetimes.co.uk,Sweden
296,Larina,Gossage,lgossage87@vkontakte.ru,Sweden
297,Tricia,Cornu,tcornu88@google.ca,Sweden
298,Kirby,O'Lehane,kolehane89@gizmodo.com,El Salvador
299,Carlynn,Ottee,cottee8a@prnewswire.com,Philippines
300,Halette,Stacey,hstacey8b@tinyurl.com,Indonesia
